invocation,access_pattern,counter,latency_ms,client_latency_ms
1,read-heavy,1,279.23000499998807,2099.672600001213
2,read-heavy,2,27.86318900001561,325.25859999805107
3,read-heavy,3,41.3814009999669,274.24079999764217
4,read-heavy,4,45.609017999993284,308.415800001967
5,read-heavy,5,23.16886899996007,303.80890000014915
6,read-heavy,6,28.767598000001726,462.3145999976259
7,read-heavy,7,39.086687999997594,472.6209000000381
8,read-heavy,8,27.69130300004008,485.8996000002662
9,read-heavy,9,30.64076600003318,224.16350000275997
10,read-heavy,10,31.934159000002182,238.48980000184383
11,read-heavy,11,34.532080999952086,310.5190999995102
12,read-heavy,12,41.898159000027135,290.0313999998616
13,read-heavy,13,33.73839100004261,253.70900000052643
14,read-heavy,14,42.02064899999414,247.64040000081877
15,read-heavy,15,31.44557499996381,362.05580000023474
16,read-heavy,16,31.762904000004255,282.794599999761
17,read-heavy,17,28.792667999994137,229.14209999726154
18,read-heavy,18,38.869309999995494,299.9022000003606
19,read-heavy,19,39.483166000024994,239.12089999794262
20,read-heavy,20,26.484895000010056,220.1868000011018
