invocation,total_invocations,state_id,counter,latency_ms,client_latency_ms
1,10,test-state,5,288.0506959999991,2134.938699999111
2,10,test-state,6,26.453598999992778,224.79269999894314
3,10,test-state,7,30.55113199999937,226.06290000112494
4,10,test-state,8,22.49529000000905,235.71430000083637
5,10,test-state,9,35.62587300000075,238.44869999993534
6,10,test-state,10,39.1924010000082,270.75779999904626
7,10,test-state,11,29.59529799998961,230.820799999492
8,10,test-state,12,28.904582999999207,219.65110000019195
9,10,test-state,13,29.42113699999993,215.89789999961795
10,10,test-state,14,41.31227499999568,243.1354000000283
