invocation,state_size,counter,latency_ms,client_latency_ms
1,1000,21,0,316.02030000067316
2,1000,22,0,285.95449999920675
3,1000,23,0,262.13039999856846
4,1000,24,0,347.16539999863016
5,1000,25,0,330.17169999948237
6,1000,26,0,373.76399999993737
7,1000,27,0,333.2793000008678
8,1000,28,0,270.43700000285753
9,1000,29,0,268.29730000099516
10,1000,30,0,486.47020000134944
11,1000,31,0,509.2595000023721
12,1000,32,0,684.1827999996895
13,1000,33,0,295.626800001628
14,1000,34,0,320.99680000101216
15,1000,35,0,239.7521000020788
16,1000,36,0,237.2442999985651
17,1000,37,0,314.54610000218963
18,1000,38,0,313.81970000074944
19,1000,39,0,320.6843999978446
20,1000,40,0,228.58009999981732
