File,Metric,Mean_ms,Median_ms,StdDev_ms,Min_ms,Max_ms,CV_percent,Source,State_Size,Access_Pattern
results_10.csv,latency_ms,57.16022839999937,30.07321499999449,81.32814195912955,22.49529000000905,288.0506959999991,142.28099543270974,summary_statistics.csv,,
results_10.csv,client_latency_ms,424.0220299998328,233.2675500001642,601.3533810081891,215.89789999961795,2134.938699999111,141.8212589115774,summary_statistics.csv,,
results_20.csv,latency_ms,33.55595540000067,29.03173450000196,8.027182480966271,22.30025200000796,55.08814600000278,23.9217819468377,summary_statistics.csv,,
results_20.csv,client_latency_ms,233.07761499982007,229.57959999985175,13.73456058837009,218.22679999968383,259.03420000031474,5.892698270651471,summary_statistics.csv,,
results_50.csv,latency_ms,32.195131160000024,30.35353550000508,6.160367694577634,23.89158600000485,56.25062799998659,19.13446994193773,summary_statistics.csv,,
results_50.csv,client_latency_ms,230.20521000016743,224.8634500001572,12.494101421494156,215.8216999996512,271.71460000135994,5.427375610432565,summary_statistics.csv,,
,latency_ms,0.0,0.0,0.0,0.0,0.0,,state_size_summary.csv,100.0,
,client_latency_ms,356.560019999597,242.2562999981892,484.9966374139792,215.6543000019156,2412.1168999990914,136.02103719158626,state_size_summary.csv,100.0,
,latency_ms,0.0,0.0,0.0,0.0,0.0,,state_size_summary.csv,1000.0,
,client_latency_ms,272.48255999984394,272.27994999884686,40.81241142693669,203.65019999735523,332.9872000031173,14.977990307695311,state_size_summary.csv,1000.0,
,latency_ms,0.0,0.0,0.0,0.0,0.0,,state_size_summary.csv,10000.0,
,client_latency_ms,273.2430350002687,266.71150000038324,57.58214635751023,207.62530000138213,425.89109999971697,21.07360078087758,state_size_summary.csv,10000.0,
,latency_ms,46.22003970000037,32.8362750000224,55.19342150444616,23.16886899996007,279.23000499998807,119.41448311747278,access_pattern_summary.csv,,read-heavy
,client_latency_ms,396.4993699999468,294.9668000001111,409.0130438709752,220.1868000011018,2099.672600001213,103.15603877782456,access_pattern_summary.csv,,read-heavy
,latency_ms,33.17808059999834,32.76940800000716,5.099801960935656,23.72318800001949,41.4216300000021,15.37099756438566,access_pattern_summary.csv,,write-heavy
,client_latency_ms,251.26215500040416,246.1577499998384,24.7012965594386,221.76089999993565,319.3048000030103,9.83088621499679,access_pattern_summary.csv,,write-heavy
,latency_ms,37.30390295000348,33.349414999975124,10.717023484065018,22.57861700002195,71.51655300003767,28.728960340767827,access_pattern_summary.csv,,mixed
,client_latency_ms,275.8885100000043,267.01669999965816,32.987180148970666,225.72429999854648,323.5458999988623,11.956706768603793,access_pattern_summary.csv,,mixed
